Model,Accuracy,Sensitivity,Specificity,Balanced Accuracy,AUC
Logistic Regression,0.8525179856115108,0.7313432835820896,0.8909952606635071,0.8111692721227983,0.8950350930969166
Decision Tree,0.8453237410071942,0.9154228855721394,0.8230647709320695,0.8692438282521044,0.9077008323312349
XGBoost,0.8896882494004796,0.945273631840796,0.8720379146919431,0.9086557732663696,0.9691039274402081
