Component,Explained_Variance_Ratio
PC1,0.1205665608341723
PC2,0.10678829854615343
