Group,Importance
late_night,0.53877383
category,0.22009882
amt_thousand,0.080899686
region,0.045229547
gender,0.028396742
city_pop_thousand,0.023273254
age,0.023007065
poverty_rate,0.020872824
median_household_income,0.019448109
